{verb}.{tld}, {verb} {tld}
{adjective}{noun}.{tld}, {adjective} {noun} {tld}
{noun.1}{noun.2}.{tld}, {noun.1} {noun.2} {tld}
{verb}the{adjective}{noun}.{tld}, {verb} the {adjective} {noun} {tld}
{adjective}{noun}hub.{tld}, {adjective} {noun} hub {tld}
{verb}{noun}.{tld}, {verb} {noun} {tld}
{verb.1}and{verb.2}the{noun}.{tld}, {verb.1} and {verb.2} the {noun} {tld}
the{adjective}{noun}.{tld}, the {adjective} {noun} {tld}
{noun}verse.{tld}, {noun}verse {tld}
{verb}{adjective}.{tld}, {verb} {adjective} {tld}
{adjective}{verb}ers.{tld}, {adjective} {verb}ers {tld}
{noun}town.{tld}, {noun} town {tld}
{adjective}{noun}town.{tld}, {adjective} {noun} town {tld}
{verb}{noun}town.{tld}, {verb} {noun} town {tld}
{adjective}{noun}townof{verb}ers.{tld}, {adjective} {noun} town of {verb}ers {tld}
{noun}city.{tld}, {noun} city {tld}
{adjective}{noun}city.{tld}, {adjective} {noun} city {tld}
{verb}{noun}city.{tld}, {verb} {noun} city {tld}
{adjective}{noun}cityof{verb}ers.{tld}, {adjective} {noun} city of {verb}ers {tld}
{adjective}ly{noun}.{tld}, {adjective}ly {noun} {tld}
{noun.1}and{noun.2}.{tld}, {noun.1} and {noun.2} {tld}
{adjective.1}and{adjective.2}{noun}.{tld}, {adjective.1} and {adjective.2} {noun} {tld}